{
  "n_false_positive_normals": 46,
  "n_true_negative_normals": 46,
  "topk": 30,
  "summary_false_positive_all": {
    "n": 46,
    "prob_dep_mean": 0.8942367900972781,
    "prob_dep_med": 0.9565519392490387,
    "actual_len_mean": 884.9130434782609,
    "actual_len_med": 915.0,
    "q_v_mean": 1.0,
    "q_v_med": 1.0,
    "q_g_mean": 1.0,
    "q_g_med": 1.0,
    "orig_len_mean": 12041.847826086956,
    "orig_len_med": 9812.0,
    "valid_mean_mean": 1.0,
    "valid_mean_med": 1.0,
    "valid_std_mean": 0.0,
    "valid_std_med": 0.0,
    "valid_low02_ratio_mean": 0.0,
    "valid_low02_ratio_med": 0.0,
    "valid_low05_ratio_mean": 0.0,
    "valid_low05_ratio_med": 0.0,
    "zero_frame_ratio_mean": 0.0,
    "zero_frame_ratio_med": 0.0,
    "speed_mean_mean": 2.7547420600186223,
    "speed_mean_med": 2.034592866897583,
    "speed_std_mean": 8.020285253939422,
    "speed_std_med": 4.52547812461853,
    "static_ratio_mean": 0.13088443557476498,
    "static_ratio_med": 0.06991300651098337,
    "landmark_missing_mean": 0.0,
    "landmark_missing_med": 0.0
  },
  "summary_true_negative_all": {
    "n": 46,
    "prob_dep_mean": 0.05998942862345796,
    "prob_dep_med": 0.011441640090197325,
    "actual_len_mean": 904.9130434782609,
    "actual_len_med": 915.0,
    "q_v_mean": 1.0,
    "q_v_med": 1.0,
    "q_g_mean": 1.0,
    "q_g_med": 1.0,
    "orig_len_mean": 6452.021739130435,
    "orig_len_med": 4824.0,
    "valid_mean_mean": 1.0,
    "valid_mean_med": 1.0,
    "valid_std_mean": 0.0,
    "valid_std_med": 0.0,
    "valid_low02_ratio_mean": 0.0,
    "valid_low02_ratio_med": 0.0,
    "valid_low05_ratio_mean": 0.0,
    "valid_low05_ratio_med": 0.0,
    "zero_frame_ratio_mean": 0.0,
    "zero_frame_ratio_med": 0.0,
    "speed_mean_mean": 4.211417040949606,
    "speed_mean_med": 3.084557294845581,
    "speed_std_mean": 24.61226358621017,
    "speed_std_med": 16.578655242919922,
    "static_ratio_mean": 0.4339967256729156,
    "static_ratio_med": 0.3566313855893979,
    "landmark_missing_mean": 0.0,
    "landmark_missing_med": 0.0
  },
  "summary_false_positive_topk": {
    "n": 30,
    "prob_dep_mean": 0.9681255678335826,
    "prob_dep_med": 0.9788399636745453,
    "actual_len_mean": 868.8666666666667,
    "actual_len_med": 915.0,
    "q_v_mean": 1.0,
    "q_v_med": 1.0,
    "q_g_mean": 1.0,
    "q_g_med": 1.0,
    "orig_len_mean": 11570.766666666666,
    "orig_len_med": 10113.5,
    "valid_mean_mean": 1.0,
    "valid_mean_med": 1.0,
    "valid_std_mean": 0.0,
    "valid_std_med": 0.0,
    "valid_low02_ratio_mean": 0.0,
    "valid_low02_ratio_med": 0.0,
    "valid_low05_ratio_mean": 0.0,
    "valid_low05_ratio_med": 0.0,
    "zero_frame_ratio_mean": 0.0,
    "zero_frame_ratio_med": 0.0,
    "speed_mean_mean": 2.72529749472936,
    "speed_mean_med": 2.0161766409873962,
    "speed_std_mean": 8.16998822291692,
    "speed_std_med": 3.8010122776031494,
    "static_ratio_mean": 0.08519639526491417,
    "static_ratio_med": 0.06991300651098337,
    "landmark_missing_mean": 0.0,
    "landmark_missing_med": 0.0
  },
  "summary_true_negative_topk": {
    "n": 30,
    "prob_dep_mean": 0.08932555546052753,
    "prob_dep_med": 0.03877233900129795,
    "actual_len_mean": 915.0,
    "actual_len_med": 915.0,
    "q_v_mean": 1.0,
    "q_v_med": 1.0,
    "q_g_mean": 1.0,
    "q_g_med": 1.0,
    "orig_len_mean": 7179.8,
    "orig_len_med": 5439.5,
    "valid_mean_mean": 1.0,
    "valid_mean_med": 1.0,
    "valid_std_mean": 0.0,
    "valid_std_med": 0.0,
    "valid_low02_ratio_mean": 0.0,
    "valid_low02_ratio_med": 0.0,
    "valid_low05_ratio_mean": 0.0,
    "valid_low05_ratio_med": 0.0,
    "zero_frame_ratio_mean": 0.0,
    "zero_frame_ratio_med": 0.0,
    "speed_mean_mean": 4.530379193338255,
    "speed_mean_med": 3.192438244819641,
    "speed_std_mean": 24.973319061597188,
    "speed_std_med": 14.870058059692383,
    "static_ratio_mean": 0.3514526096445731,
    "static_ratio_med": 0.3292651770260353,
    "landmark_missing_mean": 0.0,
    "landmark_missing_med": 0.0
  }
}